{"pitch": [-2.9146995991307896, 13.48151206513135, 209.22823627076477, 47.01277479152635], "energy": [-1.4257161617279053, 8.188350677490234, 37.48712213638421, 26.23962418715357]}